"","C","C_err","M","M_err"
"(Intercept)",0.07992025941952,0.239720722416167,0.81430130788969,0.0893076224658167
