B,BP,E0,V0
1.5562011621459886,5.495842007215318,-6.096901260486849,15.614054663777495
